{"loss": [4.334192752838135, 3.5790510177612305, 3.4357805252075195, 3.325277328491211, 3.139667510986328, 2.953641653060913, 2.7714850902557373, 2.5683209896087646, 2.3808135986328125, 2.218345880508423, 2.0540096759796143, 1.9227677583694458, 1.828145980834961, 1.7230910062789917, 1.6262974739074707, 1.5475194454193115, 1.449892282485962, 1.3814343214035034, 1.3056880235671997, 1.2182772159576416, 1.1690258979797363, 1.1104578971862793, 1.065449833869934, 1.019110083580017, 0.9981906414031982, 0.9197561144828796, 0.939355194568634, 0.8388608694076538, 0.8430366516113281, 0.7640032768249512, 0.7698411345481873, 0.7332879900932312, 0.7086137533187866, 0.7065035700798035, 0.6836802363395691, 0.6622204184532166, 0.6422591209411621, 0.6185379028320312, 0.5953584909439087, 0.5654979348182678, 0.5571097135543823, 0.5464906692504883, 0.5492156147956848, 0.519789457321167, 0.5083487033843994, 0.4964938163757324, 0.48317450284957886, 0.46681728959083557, 0.4676058292388916, 0.44783738255500793], "accuracy": [0.03629856929183006, 0.05956032872200012, 0.07515337318181992, 0.10915132611989975, 0.14647239446640015, 0.1922290325164795, 0.23031696677207947, 0.2852760851383209, 0.3277096152305603, 0.3762781322002411, 0.40567484498023987, 0.453987717628479, 0.4777607321739197, 0.5010225176811218, 0.5288854837417603, 0.5521472096443176, 0.5774539709091187, 0.5866564512252808, 0.6178425550460815, 0.643916130065918, 0.6605316996574402, 0.6725460290908813, 0.675613522529602, 0.6904397010803223, 0.702965259552002, 0.7223926186561584, 0.7287832498550415, 0.748210608959198, 0.7494887709617615, 0.773517370223999, 0.7668711543083191, 0.7788854837417603, 0.7937116622924805, 0.7924335598945618, 0.7911553978919983, 0.8003578782081604, 0.8080266118049622, 0.8136503100395203, 0.8246421217918396, 0.8259202241897583, 0.8343558311462402, 0.8282208442687988, 0.8361452221870422, 0.8440695405006409, 0.8466257452964783, 0.8466257452964783, 0.852505087852478, 0.8611963391304016, 0.8537832498550415, 0.862730085849762], "val_loss": [3.504297971725464, 3.433748245239258, 3.3397562503814697, 3.1891751289367676, 2.9589295387268066, 2.7337288856506348, 2.478408098220825, 2.2088069915771484, 1.969377040863037, 1.7916996479034424, 1.654117465019226, 1.495518684387207, 1.39662766456604, 1.2732161283493042, 1.1765750646591187, 1.0934457778930664, 1.0202066898345947, 0.9206675887107849, 0.8926883935928345, 0.7964051365852356, 0.7945690751075745, 0.7346284985542297, 0.7313271760940552, 0.6975706219673157, 0.6407186985015869, 0.6173056960105896, 0.6065608859062195, 0.5902144908905029, 0.5947750210762024, 0.548862099647522, 0.5386351943016052, 0.5064524412155151, 0.4800755977630615, 0.48585110902786255, 0.4847552180290222, 0.48026418685913086, 0.4559517800807953, 0.46945133805274963, 0.45815059542655945, 0.43241086602211, 0.41022762656211853, 0.4164126217365265, 0.3925812840461731, 0.4091266989707947, 0.42127737402915955, 0.4109562337398529, 0.39611631631851196, 0.3832499384880066, 0.38690102100372314, 0.4005250632762909], "val_accuracy": [0.07924921810626984, 0.14911365509033203, 0.2273201197385788, 0.33889469504356384, 0.41501563787460327, 0.4953076243400574, 0.574556827545166, 0.6402502655982971, 0.7007299065589905, 0.6903023719787598, 0.709071934223175, 0.7497392892837524, 0.7747653722763062, 0.7799791693687439, 0.7945776581764221, 0.8123044967651367, 0.8039624691009521, 0.8342022895812988, 0.831074059009552, 0.8331595659255981, 0.8477580547332764, 0.8488008379936218, 0.8415015935897827, 0.8415015935897827, 0.8581855893135071, 0.8675704002380371, 0.8706986308097839, 0.8696559071540833, 0.8696559071540833, 0.8717414140701294, 0.8779979348182678, 0.8842544555664062, 0.8863399624824524, 0.8842544555664062, 0.8884254693984985, 0.8790406584739685, 0.8978102207183838, 0.8915536999702454, 0.8884254693984985, 0.9040667414665222, 0.8967674374580383, 0.8936392068862915, 0.9009384512901306, 0.8925964832305908, 0.8967674374580383, 0.8998957276344299, 0.9030239582061768, 0.8998957276344299, 0.8967674374580383, 0.8998957276344299]}