{"loss": [0.05329935997724533, 0.04317482188344002, 0.03884158283472061, 0.036475468426942825, 0.03281305730342865, 0.032682206481695175, 0.02903590351343155, 0.02646764926612377, 0.02507515251636505, 0.023062292486429214, 0.02090146765112877, 0.020405810326337814, 0.0195224117487669, 0.017945537343621254, 0.017219802364706993, 0.015191955491900444, 0.013528436422348022, 0.012633567675948143, 0.012926388531923294, 0.011845321394503117, 0.010587597265839577, 0.009980224072933197, 0.01348983682692051, 0.011572175659239292, 0.010133682750165462, 0.008704914711415768, 0.008518675342202187, 0.007467523217201233, 0.0070114112459123135, 0.006743505597114563, 0.006476633716374636, 0.006139598321169615, 0.006444311235100031, 0.005860066041350365, 0.005677465815097094, 0.0054604955948889256, 0.0060902489349246025, 0.005243017803877592, 0.004660096485167742, 0.004376173485070467, 0.004168562591075897, 0.004078572150319815, 0.004764573648571968, 0.004258851986378431, 0.003917241469025612, 0.0037500285543501377, 0.003588208230212331, 0.0035906098783016205, 0.0034210924059152603, 0.003302176482975483], "BinaryIoU_func": [0.00015639440971426666, 0.05304446071386337, 0.3490983545780182, 0.4719051122665405, 0.5186529755592346, 0.5183413624763489, 0.5579151511192322, 0.5837668180465698, 0.6025439500808716, 0.6258959174156189, 0.6524750590324402, 0.6542023420333862, 0.666581392288208, 0.6898602843284607, 0.6951499581336975, 0.7268639802932739, 0.7496381998062134, 0.7623873353004456, 0.75229811668396, 0.774682879447937, 0.7956064939498901, 0.8032155632972717, 0.7450563907623291, 0.7779362201690674, 0.802911639213562, 0.8248239755630493, 0.8291259407997131, 0.848272979259491, 0.8567855358123779, 0.8609908223152161, 0.866942286491394, 0.8735530376434326, 0.8680111169815063, 0.8787396550178528, 0.8823050260543823, 0.8869816064834595, 0.8746753334999084, 0.8916411995887756, 0.902626097202301, 0.9084942936897278, 0.912724494934082, 0.9141669869422913, 0.8996556401252747, 0.9102224707603455, 0.9178476333618164, 0.9210251569747925, 0.9248777031898499, 0.9237620830535889, 0.927927553653717, 0.9301421046257019], "val_loss": [0.04804259538650513, 0.045258525758981705, 0.041277285665273666, 0.039623841643333435, 0.03696469962596893, 0.04118950664997101, 0.02902964875102043, 0.026987094432115555, 0.02872597798705101, 0.026862885802984238, 0.02353055775165558, 0.022070329636335373, 0.02245720662176609, 0.026579366996884346, 0.018299447372555733, 0.018282754346728325, 0.01648659072816372, 0.01778310164809227, 0.018648432567715645, 0.015179124660789967, 0.015930771827697754, 0.013379664160311222, 0.01490718312561512, 0.014527182094752789, 0.012898122891783714, 0.013367348350584507, 0.01141156256198883, 0.011054906994104385, 0.011188101954758167, 0.010721075348556042, 0.010816474445164204, 0.010654240846633911, 0.010071497410535812, 0.009927395731210709, 0.010190069675445557, 0.010485837236046791, 0.010234866291284561, 0.009105215780436993, 0.009712135419249535, 0.0089492192491889, 0.009109824895858765, 0.008839312009513378, 0.009787904098629951, 0.0086723817512393, 0.009814201854169369, 0.009434767998754978, 0.008368109352886677, 0.008098294027149677, 0.00839095376431942, 0.010180412791669369], "val_BinaryIoU_func": [0.0014321943745017052, 0.22123049199581146, 0.4949028789997101, 0.46970170736312866, 0.5088883638381958, 0.49623721837997437, 0.6007407307624817, 0.6016937494277954, 0.6113600730895996, 0.6289697289466858, 0.6569445729255676, 0.6494351625442505, 0.6698747873306274, 0.597516655921936, 0.7053255438804626, 0.6963071823120117, 0.727384626865387, 0.6857528686523438, 0.6636697053909302, 0.7534565925598145, 0.7481698989868164, 0.7745243310928345, 0.7378796935081482, 0.7522841691970825, 0.7729107737541199, 0.7652527093887329, 0.8049243688583374, 0.8194157481193542, 0.8199142813682556, 0.818584144115448, 0.8295276761054993, 0.821679413318634, 0.8327807188034058, 0.8353366851806641, 0.8421104550361633, 0.8385507464408875, 0.8344340920448303, 0.848854660987854, 0.8542094230651855, 0.8627142906188965, 0.8651469349861145, 0.8652776479721069, 0.8532757759094238, 0.8710398077964783, 0.8584335446357727, 0.8584663271903992, 0.8730146288871765, 0.8770622611045837, 0.8791478872299194, 0.8627294898033142]}