{"loss": [0.06799238920211792, 0.053412023931741714, 0.05003197491168976, 0.049131475389003754, 0.043642591685056686, 0.03770309314131737, 0.034682635217905045, 0.030912481248378754, 0.02756275236606598, 0.023698020726442337, 0.021233772858977318, 0.019955923780798912, 0.01991770975291729, 0.01730451174080372, 0.014387615956366062, 0.012088723480701447, 0.011255409568548203, 0.010485753417015076, 0.00953783467411995, 0.008748549968004227, 0.007992330007255077, 0.0075196148827672005, 0.007448597811162472, 0.006864755880087614, 0.006860045716166496, 0.0069401259534060955, 0.006678733509033918, 0.01835295557975769, 0.012285160832107067, 0.008553956635296345, 0.006884020287543535, 0.005746833514422178, 0.0051213218830525875, 0.004777860827744007, 0.004353825468569994, 0.004080940969288349, 0.004159725271165371, 0.0038879266940057278, 0.0036053939256817102, 0.0033237372990697622, 0.003336048685014248, 0.0030805605929344893, 0.0029516953509300947, 0.0028302003629505634, 0.0026875347830355167, 0.0024286885745823383, 0.002525308867916465, 0.0024103661999106407, 0.0024405436124652624, 0.0022176781203597784], "BinaryIoU_func": [0.0, 0.0413249172270298, 0.25154075026512146, 0.26371103525161743, 0.3712700307369232, 0.4460908770561218, 0.48287010192871094, 0.5222923755645752, 0.5575681924819946, 0.60101717710495, 0.6335497498512268, 0.648848831653595, 0.6538864970207214, 0.6934077143669128, 0.7328171133995056, 0.7672690749168396, 0.7819213271141052, 0.7943063378334045, 0.8089432120323181, 0.8233538269996643, 0.8370218873023987, 0.8472503423690796, 0.8480751514434814, 0.8587198257446289, 0.858120322227478, 0.8561614155769348, 0.8628605604171753, 0.6929588317871094, 0.7753721475601196, 0.8272721767425537, 0.8576050996780396, 0.8811794519424438, 0.8930156230926514, 0.8996756672859192, 0.9080801010131836, 0.9136692881584167, 0.9116737842559814, 0.917565107345581, 0.9237967729568481, 0.9296987056732178, 0.9289535284042358, 0.9349949359893799, 0.9373980760574341, 0.9394506812095642, 0.9429064393043518, 0.948572039604187, 0.9458783268928528, 0.9487265348434448, 0.9483177661895752, 0.9528940916061401], "val_loss": [0.05822145938873291, 0.058611396700143814, 0.05362226068973541, 0.04618382453918457, 0.04128366336226463, 0.03568011894822121, 0.03309326618909836, 0.03090212494134903, 0.027013422921299934, 0.024283066391944885, 0.024695558473467827, 0.024089474231004715, 0.02237524650990963, 0.01890869252383709, 0.015890805050730705, 0.015275897458195686, 0.01402555126696825, 0.014644501730799675, 0.012439386919140816, 0.011493572033941746, 0.012324371375143528, 0.011236278340220451, 0.012949304655194283, 0.010532784275710583, 0.010378711856901646, 0.009704646654427052, 0.010061805136501789, 0.020154040306806564, 0.012896870262920856, 0.01014004461467266, 0.008707553148269653, 0.008248697966337204, 0.008014156483113766, 0.007896951399743557, 0.0077394358813762665, 0.009906166233122349, 0.008247343823313713, 0.00867079384624958, 0.0077468715608119965, 0.008126018568873405, 0.007991568185389042, 0.0078628184273839, 0.00818915106356144, 0.007071743719279766, 0.008072158321738243, 0.007899923250079155, 0.008009995333850384, 0.0072729019448161125, 0.007370590697973967, 0.007695730309933424], "val_BinaryIoU_func": [0.0, 0.16413535177707672, 0.250539630651474, 0.4302492141723633, 0.4596395194530487, 0.5355787873268127, 0.5250952839851379, 0.5538565516471863, 0.6060162782669067, 0.6355168223381042, 0.610382080078125, 0.6632180213928223, 0.6654736399650574, 0.712144672870636, 0.7386038899421692, 0.7526313066482544, 0.7678609490394592, 0.7479873299598694, 0.7974132299423218, 0.8042917847633362, 0.7979336977005005, 0.8213300108909607, 0.7982309460639954, 0.832514226436615, 0.8229833245277405, 0.8366890549659729, 0.8338866829872131, 0.7053912281990051, 0.7728913426399231, 0.8049401640892029, 0.8432249426841736, 0.8605107665061951, 0.8688263297080994, 0.8697606921195984, 0.8781948685646057, 0.862257182598114, 0.8714858293533325, 0.8736425638198853, 0.8897900581359863, 0.8900358080863953, 0.8918344378471375, 0.8924937844276428, 0.8944353461265564, 0.8985863924026489, 0.9033589959144592, 0.9061254858970642, 0.900716245174408, 0.9064974784851074, 0.9037745594978333, 0.9064469933509827]}