{"loss": [6.407869815826416, 3.871129274368286, 3.6361074447631836, 3.5289902687072754, 3.4507534503936768, 3.379289388656616, 3.303788900375366, 3.153966188430786, 3.003473997116089, 2.883103132247925, 2.786746025085449, 2.5967679023742676, 2.440035581588745, 2.321032762527466, 2.166686773300171, 2.031533718109131, 1.9371446371078491, 1.8572418689727783, 1.7128746509552002, 1.5690101385116577, 1.5053997039794922, 1.4674938917160034, 1.4010823965072632, 1.2807120084762573, 1.2207342386245728, 1.1378220319747925, 1.1407721042633057, 1.0674562454223633, 1.0303012132644653, 0.9818132519721985, 0.9281895756721497, 0.9159078001976013, 0.8446165919303894, 0.8503499031066895, 0.8060969114303589, 0.7870612144470215, 0.748192548751831, 0.727655291557312, 0.7294370532035828, 0.6921406984329224, 0.6537942290306091, 0.6384546756744385, 0.610867440700531, 0.5948156118392944, 0.5899735689163208, 0.5549073219299316, 0.548794686794281, 0.5271031856536865, 0.5240530967712402, 0.5266855359077454], "accuracy": [0.03757668659090996, 0.044989775866270065, 0.0503578744828701, 0.06722903996706009, 0.07668711990118027, 0.08997955173254013, 0.11324130743741989, 0.14723926782608032, 0.18174846470355988, 0.20986707508563995, 0.2344069480895996, 0.27939674258232117, 0.33052146434783936, 0.346370130777359, 0.38650307059288025, 0.4240797460079193, 0.4504089951515198, 0.46932515501976013, 0.5212167501449585, 0.547034740447998, 0.5564928650856018, 0.5723415017127991, 0.5940695405006409, 0.6209100484848022, 0.6405930519104004, 0.6687116622924805, 0.6658998131752014, 0.6878834366798401, 0.6947852969169617, 0.71523517370224, 0.7236707806587219, 0.7290388345718384, 0.7487218976020813, 0.7425869107246399, 0.761247456073761, 0.7592024803161621, 0.7655930519104004, 0.7814416885375977, 0.7832310795783997, 0.7934560179710388, 0.8018916249275208, 0.814928412437439, 0.8246421217918396, 0.8202965259552002, 0.824386477470398, 0.8328220844268799, 0.8415132761001587, 0.8374233245849609, 0.8453476428985596, 0.8427914381027222], "val_loss": [3.4876792430877686, 3.4597058296203613, 3.454540252685547, 3.41656756401062, 3.3406620025634766, 3.249155282974243, 3.1259829998016357, 2.9718973636627197, 2.8235201835632324, 2.624582529067993, 2.4564499855041504, 2.2501938343048096, 2.0771968364715576, 1.9363676309585571, 1.8136368989944458, 1.668020486831665, 1.504353404045105, 1.4182461500167847, 1.2865195274353027, 1.193050503730774, 1.1624537706375122, 1.0744801759719849, 1.0026432275772095, 0.9223687052726746, 0.8880395889282227, 0.8707048892974854, 0.793674886226654, 0.7958964109420776, 0.7338685989379883, 0.7137113213539124, 0.6928186416625977, 0.6875472068786621, 0.633217453956604, 0.644375741481781, 0.6377885937690735, 0.609115719795227, 0.5667591094970703, 0.5708874464035034, 0.5808156728744507, 0.5516748428344727, 0.5375489592552185, 0.5474804043769836, 0.5252479314804077, 0.5289842486381531, 0.5302053093910217, 0.5128448605537415, 0.4823976159095764, 0.49705076217651367, 0.47461453080177307, 0.4697444438934326], "val_accuracy": [0.05630865320563316, 0.08446298539638519, 0.1209593340754509, 0.15954118967056274, 0.22210636734962463, 0.2679874897003174, 0.3451511859893799, 0.41188737750053406, 0.44421273469924927, 0.5078206658363342, 0.5620437860488892, 0.6100104451179504, 0.6329509615898132, 0.6444212794303894, 0.6850886344909668, 0.7142857313156128, 0.7455682754516602, 0.7570385932922363, 0.7664233446121216, 0.7914494276046753, 0.7914494276046753, 0.8008341789245605, 0.816475510597229, 0.8185610175132751, 0.8269030451774597, 0.8373305797576904, 0.8446298241615295, 0.8498435616493225, 0.8435870409011841, 0.850886344909668, 0.8602710962295532, 0.8550573587417603, 0.865484893321991, 0.865484893321991, 0.8665276169776917, 0.8644421100616455, 0.8779979348182678, 0.8748696446418762, 0.8686131238937378, 0.8675704002380371, 0.8727841377258301, 0.880083441734314, 0.8738269209861755, 0.8832116723060608, 0.8675704002380371, 0.8738269209861755, 0.8811261653900146, 0.8811261653900146, 0.8978102207183838, 0.8821689486503601]}