{"loss": [0.14896449446678162, 0.07496576011180878, 0.03283819183707237, 0.02018202655017376, 0.013762101531028748, 0.011193444021046162, 0.00888918898999691, 0.007359459530562162, 0.006477036513388157, 0.0056390888057649136, 0.004837842658162117, 0.004301466513425112, 0.004069095011800528, 0.0035896964836865664, 0.0032911140006035566, 0.0030392096377909184, 0.0029033622704446316, 0.002659524092450738, 0.0025662127882242203, 0.0023747095838189125, 0.0022947213146835566, 0.002437504706904292, 0.0022588574793189764, 0.0020475564524531364, 0.002293169032782316, 0.002318420447409153, 0.0018530355300754309, 0.0020997426472604275, 0.0019243507413193583, 0.002083311090245843, 0.0021447327453643084, 0.0018573144916445017, 0.0015256843762472272, 0.0013573624892160296, 0.0012894588289782405, 0.001260755700059235, 0.0013335563708096743, 0.0012663271045312285, 0.0012474005343392491, 0.0011822611559182405, 0.0011419433867558837, 0.001058361609466374, 0.001449308474548161, 0.0014932547928765416, 0.0014652194222435355, 0.001293585984967649, 0.0013542392989620566, 0.0010496528120711446, 0.000966280116699636, 0.0010274485684931278], "BinaryIoU_func": [0.0021115245763212442, 0.06553808599710464, 0.5355402231216431, 0.6751861572265625, 0.7571499943733215, 0.7970465421676636, 0.8315492272377014, 0.8566179871559143, 0.8720083832740784, 0.8860623240470886, 0.9024975895881653, 0.9112841486930847, 0.9161099791526794, 0.9260826110839844, 0.9314476847648621, 0.9364274144172668, 0.9387995004653931, 0.9442539215087891, 0.9458121657371521, 0.9498413801193237, 0.9512724280357361, 0.9485375881195068, 0.9523667693138123, 0.9566783308982849, 0.9518448114395142, 0.9506987929344177, 0.9613171219825745, 0.955871045589447, 0.9588956236839294, 0.9556965231895447, 0.9541795253753662, 0.9602725505828857, 0.9682570695877075, 0.9717710018157959, 0.973082959651947, 0.973801851272583, 0.9717077612876892, 0.9732000827789307, 0.9731082320213318, 0.9748648405075073, 0.9758313298225403, 0.977516233921051, 0.969533383846283, 0.9682420492172241, 0.9690412878990173, 0.9727516770362854, 0.9711615443229675, 0.9778327345848083, 0.9797126054763794, 0.9780057668685913], "val_loss": [0.0971641018986702, 0.04167083278298378, 0.024255378171801567, 0.01794595830142498, 0.013746353797614574, 0.014547755010426044, 0.009358599781990051, 0.008400708436965942, 0.008381695486605167, 0.0069137560203671455, 0.006493821740150452, 0.005976892076432705, 0.0057049901224672794, 0.005451438017189503, 0.00588184641674161, 0.005234070122241974, 0.004992106929421425, 0.004988432861864567, 0.005531189497560263, 0.004956312943249941, 0.004751474596560001, 0.004860872868448496, 0.004799521993845701, 0.004970680922269821, 0.004944321699440479, 0.004596587736159563, 0.004639232996851206, 0.004634687211364508, 0.004730772227048874, 0.005081579554826021, 0.005201818887144327, 0.0044599855318665504, 0.004598004277795553, 0.004933858290314674, 0.004915183410048485, 0.0049016354605555534, 0.00495603121817112, 0.00559626379981637, 0.005204760003834963, 0.0052827754989266396, 0.005116502288728952, 0.005386012140661478, 0.004889181815087795, 0.00688126077875495, 0.004773345310240984, 0.006133275106549263, 0.0048670051619410515, 0.00534403370693326, 0.005581696517765522, 0.005500446073710918], "val_BinaryIoU_func": [0.0, 0.4804821014404297, 0.6451312899589539, 0.7182522416114807, 0.7715896368026733, 0.7515881657600403, 0.8360092043876648, 0.8508742451667786, 0.8536235690116882, 0.87621009349823, 0.8846843838691711, 0.8927911520004272, 0.8999266624450684, 0.9035683274269104, 0.9021707773208618, 0.9111433625221252, 0.9168368577957153, 0.9165997505187988, 0.9145066142082214, 0.9189729690551758, 0.925983726978302, 0.9213537573814392, 0.9270915389060974, 0.9269348382949829, 0.9195622205734253, 0.9292570948600769, 0.9319342374801636, 0.9274331331253052, 0.931177020072937, 0.9279006123542786, 0.9238675236701965, 0.9324222207069397, 0.9379359483718872, 0.9380403757095337, 0.9390491843223572, 0.9389601349830627, 0.9380151629447937, 0.9351313710212708, 0.9396039247512817, 0.9402683973312378, 0.9414464235305786, 0.9394579529762268, 0.937656044960022, 0.9179980158805847, 0.9392624497413635, 0.9293197989463806, 0.9405747652053833, 0.9415364861488342, 0.942417562007904, 0.9423011541366577]}