{"loss": [3.5822696685791016, 3.576735258102417, 3.5609371662139893, 3.522942304611206, 3.4139320850372314, 3.184765338897705, 2.923130989074707, 2.635061740875244, 2.3789288997650146, 2.211989641189575, 2.058631658554077, 1.8996026515960693, 1.804092288017273, 1.7038651704788208, 1.6257696151733398, 1.5352970361709595, 1.4926966428756714, 1.448001503944397, 1.3793538808822632, 1.353034257888794, 1.2877702713012695, 1.2296680212020874, 1.2213671207427979, 1.1922435760498047, 1.1572085618972778, 1.135386347770691, 1.112717628479004, 1.0621232986450195, 1.0304518938064575, 1.024391531944275, 0.9918966293334961, 0.9950933456420898, 0.961264967918396, 0.9221137762069702, 0.9126403331756592, 0.8879002332687378, 0.8840089440345764, 0.8777216076850891, 0.8541215062141418, 0.8485956192016602, 0.8081895112991333, 0.8064790368080139, 0.797626793384552, 0.7703284621238708, 0.7664647102355957, 0.7634938359260559, 0.7468369603157043, 0.7460876107215881, 0.715059757232666, 0.7226328253746033], "accuracy": [0.031186094507575035, 0.028885480016469955, 0.03757668659090996, 0.061349693685770035, 0.09381390362977982, 0.15899795293807983, 0.21523517370224, 0.2850204408168793, 0.3489263951778412, 0.39570552110671997, 0.4322597086429596, 0.4775051176548004, 0.4979550242424011, 0.5296523571014404, 0.5339979529380798, 0.5669733881950378, 0.5738752484321594, 0.5871676802635193, 0.6134969592094421, 0.6119632124900818, 0.6275562644004822, 0.6459611654281616, 0.6549080014228821, 0.6592535972595215, 0.6602760553359985, 0.6730572581291199, 0.6858384609222412, 0.6996421217918396, 0.7075664401054382, 0.6975971460342407, 0.7213701605796814, 0.7096114754676819, 0.7313394546508789, 0.7313394546508789, 0.738752543926239, 0.734151303768158, 0.7451431751251221, 0.7464212775230408, 0.7548568248748779, 0.751789391040802, 0.7627812027931213, 0.7666155695915222, 0.7691717743873596, 0.7730061411857605, 0.7712167501449585, 0.7742842435836792, 0.7796523571014404, 0.7832310795783997, 0.7926891446113586, 0.7870654463768005], "val_loss": [3.5771665573120117, 3.57108473777771, 3.546705722808838, 3.4631495475769043, 3.287057399749756, 2.9677324295043945, 2.6212713718414307, 2.2703192234039307, 1.9875223636627197, 1.8785934448242188, 1.727508306503296, 1.6407362222671509, 1.499264121055603, 1.460995078086853, 1.3607158660888672, 1.2867183685302734, 1.2863953113555908, 1.2212740182876587, 1.1792504787445068, 1.1266168355941772, 1.1057888269424438, 1.064969778060913, 1.0718783140182495, 1.0326569080352783, 1.0039095878601074, 1.0019375085830688, 0.9814648628234863, 0.9394246935844421, 0.9402013421058655, 0.9321888089179993, 0.9297789931297302, 0.8978357911109924, 0.877670168876648, 0.8853070139884949, 0.8454375267028809, 0.8577645421028137, 0.8218278884887695, 0.8393366932868958, 0.8044034838676453, 0.8038763999938965, 0.7816723585128784, 0.8018319606781006, 0.7614850401878357, 0.7674551606178284, 0.7629891633987427, 0.7388083934783936, 0.7211207747459412, 0.7413626313209534, 0.7241937518119812, 0.6929136514663696], "val_accuracy": [0.03336809203028679, 0.036496348679065704, 0.05213764309883118, 0.19916579127311707, 0.25443169474601746, 0.34202295541763306, 0.4077163636684418, 0.5026068687438965, 0.5610010623931885, 0.5776851177215576, 0.6152241826057434, 0.6360792517662048, 0.6412929892539978, 0.6558915376663208, 0.6684045791625977, 0.6850886344909668, 0.6850886344909668, 0.6986443996429443, 0.7080292105674744, 0.7174139618873596, 0.7288842797279358, 0.7215849757194519, 0.7340980172157288, 0.752867579460144, 0.7413972616195679, 0.7445255517959595, 0.7591241002082825, 0.7622523307800293, 0.7539103031158447, 0.7737226486206055, 0.77267986536026, 0.7789363861083984, 0.7695516347885132, 0.78206467628479, 0.7862356901168823, 0.7904066443443298, 0.7914494276046753, 0.7862356901168823, 0.7914494276046753, 0.7935349345207214, 0.7966631650924683, 0.8039624691009521, 0.801876962184906, 0.8091762065887451, 0.807090699672699, 0.8154327273368835, 0.8112617135047913, 0.8091762065887451, 0.8154327273368835, 0.8237747550010681]}